{
    "loss": 0.48666664958000183,
    "accuracy": 0.9224137663841248
}